mean_fit_time,std_fit_time,mean_score_time,std_score_time,param_max_depth,param_min_samples_leaf,param_min_samples_split,param_n_estimators,params,split0_test_score,split1_test_score,split2_test_score,split3_test_score,split4_test_score,mean_test_score,std_test_score,rank_test_score
0.26051926612854004,0.08140280330879186,0.02262091636657715,0.010132231949438917,6,3,3,100,"{'max_depth': 6, 'min_samples_leaf': 3, 'min_samples_split': 3, 'n_estimators': 100}",0.9838709677419355,0.9838709677419355,0.9354838709677419,1.0,0.9838709677419355,0.9774193548387096,0.021878483816533147,10
0.6984925270080566,0.06597038013769259,0.0563664436340332,0.018508705760994955,6,3,3,300,"{'max_depth': 6, 'min_samples_leaf': 3, 'min_samples_split': 3, 'n_estimators': 300}",0.9838709677419355,0.9838709677419355,0.9354838709677419,0.9838709677419355,0.9838709677419355,0.9741935483870968,0.019354838709677448,43
1.007539987564087,0.032253107554353,0.07533779144287109,0.00023708536273114316,6,3,3,500,"{'max_depth': 6, 'min_samples_leaf': 3, 'min_samples_split': 3, 'n_estimators': 500}",0.9838709677419355,0.9838709677419355,0.9516129032258065,1.0,0.9838709677419355,0.9806451612903226,0.0158031596308592,2
0.19603161811828612,0.0020353638646270684,0.01744070053100586,0.00011365307384703839,6,3,5,100,"{'max_depth': 6, 'min_samples_leaf': 3, 'min_samples_split': 5, 'n_estimators': 100}",0.9838709677419355,0.9838709677419355,0.9354838709677419,1.0,0.9838709677419355,0.9774193548387096,0.021878483816533147,10
0.5794630527496338,0.012833571998642832,0.046034622192382815,0.00061512166030405,6,3,5,300,"{'max_depth': 6, 'min_samples_leaf': 3, 'min_samples_split': 5, 'n_estimators': 300}",0.9838709677419355,0.9838709677419355,0.9354838709677419,1.0,0.9838709677419355,0.9774193548387096,0.021878483816533147,10
0.9784815788269043,0.012111614913729057,0.07490501403808594,0.0007142524294549962,6,3,5,500,"{'max_depth': 6, 'min_samples_leaf': 3, 'min_samples_split': 5, 'n_estimators': 500}",0.9838709677419355,0.9838709677419355,0.9354838709677419,1.0,0.9838709677419355,0.9774193548387096,0.021878483816533147,10
0.1976809024810791,0.001783203933155236,0.017357397079467773,0.00016395776477970585,6,3,10,100,"{'max_depth': 6, 'min_samples_leaf': 3, 'min_samples_split': 10, 'n_estimators': 100}",0.9838709677419355,0.9838709677419355,0.9354838709677419,0.9838709677419355,0.9838709677419355,0.9741935483870968,0.019354838709677448,43
0.5786770343780517,0.007173813385060881,0.046060371398925784,0.0005357665877579609,6,3,10,300,"{'max_depth': 6, 'min_samples_leaf': 3, 'min_samples_split': 10, 'n_estimators': 300}",0.9838709677419355,0.9838709677419355,0.9516129032258065,0.9838709677419355,0.9838709677419355,0.9774193548387096,0.0129032258064516,10
0.9794780731201171,0.012571589362321837,0.07522897720336914,0.001067834048640155,6,3,10,500,"{'max_depth': 6, 'min_samples_leaf': 3, 'min_samples_split': 10, 'n_estimators': 500}",0.9838709677419355,0.9838709677419355,0.9354838709677419,0.9838709677419355,0.9838709677419355,0.9741935483870968,0.019354838709677448,43
0.19782571792602538,0.010237457379044404,0.017340087890625,0.00028364711963269117,6,5,3,100,"{'max_depth': 6, 'min_samples_leaf': 5, 'min_samples_split': 3, 'n_estimators': 100}",0.9838709677419355,0.9838709677419355,0.9354838709677419,1.0,0.9838709677419355,0.9774193548387096,0.021878483816533147,10
0.5832494258880615,0.004289604509649633,0.04566483497619629,0.0003863809874627364,6,5,3,300,"{'max_depth': 6, 'min_samples_leaf': 5, 'min_samples_split': 3, 'n_estimators': 300}",0.9838709677419355,0.967741935483871,0.9354838709677419,1.0,0.9838709677419355,0.9741935483870968,0.02187848381653314,43
0.9761270046234131,0.014082067961906553,0.07603788375854492,0.0016428648741179939,6,5,3,500,"{'max_depth': 6, 'min_samples_leaf': 5, 'min_samples_split': 3, 'n_estimators': 500}",0.9838709677419355,0.9838709677419355,0.9354838709677419,0.9838709677419355,0.9838709677419355,0.9741935483870968,0.019354838709677448,43
0.20315489768981934,0.013929961695868555,0.01725940704345703,0.00018637089895619734,6,5,5,100,"{'max_depth': 6, 'min_samples_leaf': 5, 'min_samples_split': 5, 'n_estimators': 100}",0.9838709677419355,0.9838709677419355,0.9354838709677419,1.0,0.967741935483871,0.9741935483870968,0.02187848381653314,43
0.590700340270996,0.010880781245203423,0.04585566520690918,0.00041404373696578577,6,5,5,300,"{'max_depth': 6, 'min_samples_leaf': 5, 'min_samples_split': 5, 'n_estimators': 300}",0.9838709677419355,0.9838709677419355,0.9354838709677419,0.9838709677419355,0.967741935483871,0.970967741935484,0.018809522241436477,95
0.976157283782959,0.010134987432991448,0.07478346824645996,0.0006644402613477761,6,5,5,500,"{'max_depth': 6, 'min_samples_leaf': 5, 'min_samples_split': 5, 'n_estimators': 500}",0.9838709677419355,0.9838709677419355,0.9354838709677419,0.9838709677419355,0.9838709677419355,0.9741935483870968,0.019354838709677448,43
0.19380435943603516,0.003359701632166665,0.01739211082458496,0.00016147014398181872,6,5,10,100,"{'max_depth': 6, 'min_samples_leaf': 5, 'min_samples_split': 10, 'n_estimators': 100}",0.9838709677419355,0.967741935483871,0.9354838709677419,0.9838709677419355,0.9838709677419355,0.970967741935484,0.01880952224143648,95
0.5842167377471924,0.014415667731760761,0.04617304801940918,0.00043915245847958335,6,5,10,300,"{'max_depth': 6, 'min_samples_leaf': 5, 'min_samples_split': 10, 'n_estimators': 300}",0.9838709677419355,0.9838709677419355,0.9354838709677419,1.0,0.9838709677419355,0.9774193548387096,0.021878483816533147,10
0.9580873489379883,0.012231589308064391,0.07488298416137695,0.0005445110597433502,6,5,10,500,"{'max_depth': 6, 'min_samples_leaf': 5, 'min_samples_split': 10, 'n_estimators': 500}",0.9838709677419355,0.9838709677419355,0.9354838709677419,0.9838709677419355,0.9838709677419355,0.9741935483870968,0.019354838709677448,43
0.1999415397644043,0.014457565073262204,0.017436933517456055,0.00016622425698297968,6,7,3,100,"{'max_depth': 6, 'min_samples_leaf': 7, 'min_samples_split': 3, 'n_estimators': 100}",0.9838709677419355,0.9838709677419355,0.9354838709677419,0.9838709677419355,0.9838709677419355,0.9741935483870968,0.019354838709677448,43
0.5808240890502929,0.002298528554908546,0.04616665840148926,0.0005381323772433037,6,7,3,300,"{'max_depth': 6, 'min_samples_leaf': 7, 'min_samples_split': 3, 'n_estimators': 300}",0.9838709677419355,0.9838709677419355,0.9354838709677419,1.0,0.967741935483871,0.9741935483870968,0.02187848381653314,43
0.9693788528442383,0.011933657718489341,0.07575573921203613,0.0006695290320199911,6,7,3,500,"{'max_depth': 6, 'min_samples_leaf': 7, 'min_samples_split': 3, 'n_estimators': 500}",0.9838709677419355,0.9838709677419355,0.9354838709677419,0.9838709677419355,0.9838709677419355,0.9741935483870968,0.019354838709677448,43
0.19858555793762206,0.011909629116721224,0.017431354522705077,0.00010208109123625126,6,7,5,100,"{'max_depth': 6, 'min_samples_leaf': 7, 'min_samples_split': 5, 'n_estimators': 100}",0.9838709677419355,0.9838709677419355,0.9516129032258065,1.0,0.9838709677419355,0.9806451612903226,0.0158031596308592,2
0.5854214191436767,0.012004080003172823,0.04640030860900879,0.0002929134630274936,6,7,5,300,"{'max_depth': 6, 'min_samples_leaf': 7, 'min_samples_split': 5, 'n_estimators': 300}",0.9838709677419355,0.9838709677419355,0.9354838709677419,0.967741935483871,0.9838709677419355,0.970967741935484,0.018809522241436477,95
0.9711049556732178,0.012328903445175218,0.07523345947265625,0.00038557675927667376,6,7,5,500,"{'max_depth': 6, 'min_samples_leaf': 7, 'min_samples_split': 5, 'n_estimators': 500}",0.9838709677419355,0.9838709677419355,0.9354838709677419,0.9838709677419355,0.9838709677419355,0.9741935483870968,0.019354838709677448,43
0.19552125930786132,0.0014160025703664923,0.017387962341308592,0.00015472683208204817,6,7,10,100,"{'max_depth': 6, 'min_samples_leaf': 7, 'min_samples_split': 10, 'n_estimators': 100}",0.9838709677419355,0.9838709677419355,0.9354838709677419,0.9838709677419355,0.9838709677419355,0.9741935483870968,0.019354838709677448,43
0.5805124282836914,0.011748796880299242,0.046356487274169925,0.0005109502594706143,6,7,10,300,"{'max_depth': 6, 'min_samples_leaf': 7, 'min_samples_split': 10, 'n_estimators': 300}",0.9838709677419355,0.9838709677419355,0.9354838709677419,0.9838709677419355,0.9838709677419355,0.9741935483870968,0.019354838709677448,43
0.9511795043945312,0.022507499867995405,0.07549910545349121,0.00041362905000741633,6,7,10,500,"{'max_depth': 6, 'min_samples_leaf': 7, 'min_samples_split': 10, 'n_estimators': 500}",0.9838709677419355,0.9838709677419355,0.9354838709677419,0.9838709677419355,0.9838709677419355,0.9741935483870968,0.019354838709677448,43
0.19297633171081544,0.0030429353092302196,0.017477035522460938,0.00017623787834165094,6,10,3,100,"{'max_depth': 6, 'min_samples_leaf': 10, 'min_samples_split': 3, 'n_estimators': 100}",0.9838709677419355,0.9838709677419355,0.9354838709677419,0.967741935483871,0.967741935483871,0.967741935483871,0.017668469596940867,137
0.5822250843048096,0.011690481807083895,0.046425247192382814,0.0002909955788350037,6,10,3,300,"{'max_depth': 6, 'min_samples_leaf': 10, 'min_samples_split': 3, 'n_estimators': 300}",0.9838709677419355,0.9838709677419355,0.9354838709677419,0.967741935483871,0.967741935483871,0.967741935483871,0.017668469596940867,137
0.9645259857177735,0.015304193968349936,0.07491154670715332,0.0005078228067706979,6,10,3,500,"{'max_depth': 6, 'min_samples_leaf': 10, 'min_samples_split': 3, 'n_estimators': 500}",0.9838709677419355,0.9838709677419355,0.9354838709677419,0.9838709677419355,0.967741935483871,0.970967741935484,0.018809522241436477,95
0.19497594833374024,0.0006246258567894312,0.017283821105957033,0.0001468429764369892,6,10,5,100,"{'max_depth': 6, 'min_samples_leaf': 10, 'min_samples_split': 5, 'n_estimators': 100}",0.9838709677419355,0.9838709677419355,0.9354838709677419,0.9838709677419355,0.967741935483871,0.970967741935484,0.018809522241436477,95
0.5874622821807861,0.018069214708415174,0.046422052383422854,0.00038359169266801476,6,10,5,300,"{'max_depth': 6, 'min_samples_leaf': 10, 'min_samples_split': 5, 'n_estimators': 300}",0.9838709677419355,0.9838709677419355,0.9354838709677419,0.9838709677419355,0.967741935483871,0.970967741935484,0.018809522241436477,95
0.969625186920166,0.0235117688354586,0.07510561943054199,0.000768363409125213,6,10,5,500,"{'max_depth': 6, 'min_samples_leaf': 10, 'min_samples_split': 5, 'n_estimators': 500}",0.9838709677419355,0.9838709677419355,0.9354838709677419,0.9838709677419355,0.967741935483871,0.970967741935484,0.018809522241436477,95
0.19363274574279785,0.0014789548321756786,0.017344856262207033,9.907553979151614e-05,6,10,10,100,"{'max_depth': 6, 'min_samples_leaf': 10, 'min_samples_split': 10, 'n_estimators': 100}",0.9838709677419355,0.9838709677419355,0.9354838709677419,0.9838709677419355,0.9838709677419355,0.9741935483870968,0.019354838709677448,43
0.6290693759918213,0.06328778079714771,0.04484376907348633,0.004022037549888199,6,10,10,300,"{'max_depth': 6, 'min_samples_leaf': 10, 'min_samples_split': 10, 'n_estimators': 300}",0.9838709677419355,0.9838709677419355,0.9354838709677419,0.967741935483871,0.967741935483871,0.967741935483871,0.017668469596940867,137
1.0269025802612304,0.052427307074666356,0.07233572006225586,0.005660469040986269,6,10,10,500,"{'max_depth': 6, 'min_samples_leaf': 10, 'min_samples_split': 10, 'n_estimators': 500}",0.9838709677419355,0.9838709677419355,0.9354838709677419,0.9838709677419355,0.967741935483871,0.970967741935484,0.018809522241436477,95
0.1985625743865967,0.0036585971336316452,0.01839437484741211,0.001670116211487859,8,3,3,100,"{'max_depth': 8, 'min_samples_leaf': 3, 'min_samples_split': 3, 'n_estimators': 100}",0.9838709677419355,0.9838709677419355,0.9354838709677419,0.9838709677419355,0.9838709677419355,0.9741935483870968,0.019354838709677448,43
0.5913109302520752,0.018948704786604702,0.04670257568359375,0.0007857495594356296,8,3,3,300,"{'max_depth': 8, 'min_samples_leaf': 3, 'min_samples_split': 3, 'n_estimators': 300}",0.9838709677419355,0.9838709677419355,0.9354838709677419,1.0,0.9838709677419355,0.9774193548387096,0.021878483816533147,10
0.9704853057861328,0.016087896923767952,0.0753598690032959,0.0009628865006792066,8,3,3,500,"{'max_depth': 8, 'min_samples_leaf': 3, 'min_samples_split': 3, 'n_estimators': 500}",0.9838709677419355,0.9838709677419355,0.9354838709677419,1.0,0.9838709677419355,0.9774193548387096,0.021878483816533147,10
0.1977914810180664,0.0009861164165307415,0.017460060119628907,0.000176463858425901,8,3,5,100,"{'max_depth': 8, 'min_samples_leaf': 3, 'min_samples_split': 5, 'n_estimators': 100}",0.9838709677419355,0.9838709677419355,0.9516129032258065,1.0,0.9838709677419355,0.9806451612903226,0.0158031596308592,2
0.5888833045959473,0.015696475104786164,0.04648556709289551,0.00043407724552042745,8,3,5,300,"{'max_depth': 8, 'min_samples_leaf': 3, 'min_samples_split': 5, 'n_estimators': 300}",0.9838709677419355,0.9838709677419355,0.9354838709677419,1.0,0.9838709677419355,0.9774193548387096,0.021878483816533147,10
0.9760342121124268,0.025308679110474297,0.07609972953796387,0.0017468605393834986,8,3,5,500,"{'max_depth': 8, 'min_samples_leaf': 3, 'min_samples_split': 5, 'n_estimators': 500}",0.9838709677419355,0.9838709677419355,0.9354838709677419,1.0,0.9838709677419355,0.9774193548387096,0.021878483816533147,10
0.1959500789642334,0.0008506245313290842,0.017453956604003906,0.00023102243120449203,8,3,10,100,"{'max_depth': 8, 'min_samples_leaf': 3, 'min_samples_split': 10, 'n_estimators': 100}",0.9838709677419355,0.9838709677419355,0.9354838709677419,0.9838709677419355,0.9838709677419355,0.9741935483870968,0.019354838709677448,43
0.5847489356994628,0.01784863498004261,0.04616808891296387,0.00034810222973813805,8,3,10,300,"{'max_depth': 8, 'min_samples_leaf': 3, 'min_samples_split': 10, 'n_estimators': 300}",0.9838709677419355,0.9838709677419355,0.9354838709677419,0.9838709677419355,0.9838709677419355,0.9741935483870968,0.019354838709677448,43
0.9634834289550781,0.021420943507805507,0.07468905448913574,0.0015597256167781924,8,3,10,500,"{'max_depth': 8, 'min_samples_leaf': 3, 'min_samples_split': 10, 'n_estimators': 500}",0.9838709677419355,0.9838709677419355,0.9354838709677419,0.9838709677419355,0.9838709677419355,0.9741935483870968,0.019354838709677448,43
0.1946275234222412,0.003318360399961173,0.01736893653869629,0.00024585025627987274,8,5,3,100,"{'max_depth': 8, 'min_samples_leaf': 5, 'min_samples_split': 3, 'n_estimators': 100}",0.9838709677419355,0.9838709677419355,0.9354838709677419,0.967741935483871,0.9838709677419355,0.970967741935484,0.018809522241436477,95
0.5718913555145264,0.009958922209457727,0.053223180770874026,0.013859509988562882,8,5,3,300,"{'max_depth': 8, 'min_samples_leaf': 5, 'min_samples_split': 3, 'n_estimators': 300}",0.9838709677419355,0.9838709677419355,0.9354838709677419,1.0,0.9838709677419355,0.9774193548387096,0.021878483816533147,10
0.9680903434753418,0.010357032264207592,0.08654670715332032,0.014495525961481534,8,5,3,500,"{'max_depth': 8, 'min_samples_leaf': 5, 'min_samples_split': 3, 'n_estimators': 500}",0.9838709677419355,0.9838709677419355,0.9354838709677419,0.967741935483871,0.9838709677419355,0.970967741935484,0.018809522241436477,95
0.19571919441223146,0.0014271312943775541,0.017639350891113282,0.00014351874857236108,8,5,5,100,"{'max_depth': 8, 'min_samples_leaf': 5, 'min_samples_split': 5, 'n_estimators': 100}",0.9838709677419355,0.9838709677419355,0.9354838709677419,1.0,0.9838709677419355,0.9774193548387096,0.021878483816533147,10
0.5859390258789062,0.005096951153615143,0.04710550308227539,0.0008730661716363141,8,5,5,300,"{'max_depth': 8, 'min_samples_leaf': 5, 'min_samples_split': 5, 'n_estimators': 300}",0.9838709677419355,0.9838709677419355,0.9354838709677419,0.9838709677419355,0.9838709677419355,0.9741935483870968,0.019354838709677448,43
0.9742659568786621,0.015631282098126857,0.09395618438720703,0.03482885373376173,8,5,5,500,"{'max_depth': 8, 'min_samples_leaf': 5, 'min_samples_split': 5, 'n_estimators': 500}",0.9838709677419355,0.9838709677419355,0.9354838709677419,1.0,0.9838709677419355,0.9774193548387096,0.021878483816533147,10
0.2013944625854492,0.0074574187882013405,0.0173769474029541,0.0002580063769749893,8,5,10,100,"{'max_depth': 8, 'min_samples_leaf': 5, 'min_samples_split': 10, 'n_estimators': 100}",0.9838709677419355,0.967741935483871,0.9354838709677419,0.9838709677419355,0.9838709677419355,0.970967741935484,0.01880952224143648,95
0.5846242904663086,0.003447141585587057,0.04633030891418457,0.00046760477644646685,8,5,10,300,"{'max_depth': 8, 'min_samples_leaf': 5, 'min_samples_split': 10, 'n_estimators': 300}",0.9838709677419355,0.9838709677419355,0.9516129032258065,1.0,0.9838709677419355,0.9806451612903226,0.0158031596308592,2
0.9909623622894287,0.0335643993456251,0.07525401115417481,0.0004088384776417021,8,5,10,500,"{'max_depth': 8, 'min_samples_leaf': 5, 'min_samples_split': 10, 'n_estimators': 500}",0.9838709677419355,0.9838709677419355,0.9354838709677419,1.0,0.9838709677419355,0.9774193548387096,0.021878483816533147,10
0.204486083984375,0.017325771552062847,0.01751542091369629,0.0003021512055451328,8,7,3,100,"{'max_depth': 8, 'min_samples_leaf': 7, 'min_samples_split': 3, 'n_estimators': 100}",0.9838709677419355,0.9838709677419355,0.9354838709677419,0.9838709677419355,0.9838709677419355,0.9741935483870968,0.019354838709677448,43
0.5687450885772705,0.010311353490145897,0.045981311798095705,0.0003533013451327034,8,7,3,300,"{'max_depth': 8, 'min_samples_leaf': 7, 'min_samples_split': 3, 'n_estimators': 300}",0.9838709677419355,0.9838709677419355,0.9354838709677419,0.9838709677419355,0.9838709677419355,0.9741935483870968,0.019354838709677448,43
0.9458526134490967,0.021264917151341812,0.07732877731323243,0.0046908657677026365,8,7,3,500,"{'max_depth': 8, 'min_samples_leaf': 7, 'min_samples_split': 3, 'n_estimators': 500}",0.9838709677419355,0.9838709677419355,0.9354838709677419,0.9838709677419355,0.967741935483871,0.970967741935484,0.018809522241436477,95
0.1938546657562256,0.003253250317989422,0.0174407958984375,0.00017477594260726712,8,7,5,100,"{'max_depth': 8, 'min_samples_leaf': 7, 'min_samples_split': 5, 'n_estimators': 100}",0.9838709677419355,0.9838709677419355,0.9354838709677419,0.9838709677419355,0.9838709677419355,0.9741935483870968,0.019354838709677448,43
0.5743730545043946,0.02044376290653897,0.04591736793518066,0.0003569738320269393,8,7,5,300,"{'max_depth': 8, 'min_samples_leaf': 7, 'min_samples_split': 5, 'n_estimators': 300}",0.9838709677419355,0.9838709677419355,0.9354838709677419,0.9838709677419355,0.967741935483871,0.970967741935484,0.018809522241436477,95
0.9594944477081299,0.01680308782270222,0.10819649696350098,0.04030645512911154,8,7,5,500,"{'max_depth': 8, 'min_samples_leaf': 7, 'min_samples_split': 5, 'n_estimators': 500}",0.9838709677419355,0.9838709677419355,0.9354838709677419,0.9838709677419355,0.9838709677419355,0.9741935483870968,0.019354838709677448,43
0.19393424987792968,0.007941376160320191,0.017171335220336915,0.0002549188305577496,8,7,10,100,"{'max_depth': 8, 'min_samples_leaf': 7, 'min_samples_split': 10, 'n_estimators': 100}",0.9838709677419355,0.9838709677419355,0.9354838709677419,0.967741935483871,0.9838709677419355,0.970967741935484,0.018809522241436477,95
0.5821614742279053,0.014111519892199418,0.0467282772064209,0.001870166486982116,8,7,10,300,"{'max_depth': 8, 'min_samples_leaf': 7, 'min_samples_split': 10, 'n_estimators': 300}",0.9838709677419355,0.9838709677419355,0.9354838709677419,0.9838709677419355,0.9838709677419355,0.9741935483870968,0.019354838709677448,43
0.9619343757629395,0.019551046207723296,0.07861146926879883,0.004706994216990785,8,7,10,500,"{'max_depth': 8, 'min_samples_leaf': 7, 'min_samples_split': 10, 'n_estimators': 500}",0.9838709677419355,0.9838709677419355,0.9354838709677419,0.9838709677419355,0.9838709677419355,0.9741935483870968,0.019354838709677448,43
0.1938704490661621,0.0006709518975262547,0.017285728454589845,0.0003821692490269303,8,10,3,100,"{'max_depth': 8, 'min_samples_leaf': 10, 'min_samples_split': 3, 'n_estimators': 100}",0.9838709677419355,0.9838709677419355,0.9354838709677419,0.9838709677419355,1.0,0.9774193548387096,0.021878483816533144,10
0.5796181678771972,0.016888902556675096,0.045439863204956056,0.0012237950242473593,8,10,3,300,"{'max_depth': 8, 'min_samples_leaf': 10, 'min_samples_split': 3, 'n_estimators': 300}",0.9838709677419355,0.9838709677419355,0.9354838709677419,0.9838709677419355,0.967741935483871,0.970967741935484,0.018809522241436477,95
0.9572920322418212,0.020001730899849635,0.07422885894775391,0.0011979272700140713,8,10,3,500,"{'max_depth': 8, 'min_samples_leaf': 10, 'min_samples_split': 3, 'n_estimators': 500}",0.9838709677419355,0.9838709677419355,0.9354838709677419,0.9838709677419355,0.967741935483871,0.970967741935484,0.018809522241436477,95
0.1937633991241455,0.0033309570579488934,0.017229175567626952,0.0002683114259335997,8,10,5,100,"{'max_depth': 8, 'min_samples_leaf': 10, 'min_samples_split': 5, 'n_estimators': 100}",0.9838709677419355,0.9838709677419355,0.9354838709677419,0.9838709677419355,0.967741935483871,0.970967741935484,0.018809522241436477,95
0.5769874572753906,0.003834762730771202,0.046566009521484375,0.0025378051387144242,8,10,5,300,"{'max_depth': 8, 'min_samples_leaf': 10, 'min_samples_split': 5, 'n_estimators': 300}",0.9838709677419355,0.9838709677419355,0.9354838709677419,0.967741935483871,0.967741935483871,0.967741935483871,0.017668469596940867,137
0.9628317356109619,0.015815424834862965,0.07522878646850586,0.0007124951590539787,8,10,5,500,"{'max_depth': 8, 'min_samples_leaf': 10, 'min_samples_split': 5, 'n_estimators': 500}",0.9838709677419355,0.9838709677419355,0.9354838709677419,0.9838709677419355,0.967741935483871,0.970967741935484,0.018809522241436477,95
0.1938460350036621,0.003654281678897023,0.017111730575561524,9.944751885940016e-05,8,10,10,100,"{'max_depth': 8, 'min_samples_leaf': 10, 'min_samples_split': 10, 'n_estimators': 100}",0.9838709677419355,0.9838709677419355,0.9354838709677419,0.967741935483871,0.967741935483871,0.967741935483871,0.017668469596940867,137
0.5822707653045655,0.014543637163229293,0.04607677459716797,0.0006996312504938479,8,10,10,300,"{'max_depth': 8, 'min_samples_leaf': 10, 'min_samples_split': 10, 'n_estimators': 300}",0.9838709677419355,0.9838709677419355,0.9354838709677419,0.9838709677419355,0.967741935483871,0.970967741935484,0.018809522241436477,95
0.9646656036376953,0.009654853001625918,0.07509918212890625,0.0004117168536645284,8,10,10,500,"{'max_depth': 8, 'min_samples_leaf': 10, 'min_samples_split': 10, 'n_estimators': 500}",0.9838709677419355,0.9838709677419355,0.9354838709677419,0.9838709677419355,0.967741935483871,0.970967741935484,0.018809522241436477,95
0.1966012477874756,0.0005415664584038002,0.01730008125305176,0.00026662324863426705,10,3,3,100,"{'max_depth': 10, 'min_samples_leaf': 3, 'min_samples_split': 3, 'n_estimators': 100}",0.9838709677419355,0.9838709677419355,0.9516129032258065,1.0,0.9838709677419355,0.9806451612903226,0.0158031596308592,2
0.5870806217193604,0.00907473510340874,0.04651861190795899,0.0005015546861346091,10,3,3,300,"{'max_depth': 10, 'min_samples_leaf': 3, 'min_samples_split': 3, 'n_estimators': 300}",0.9838709677419355,0.9838709677419355,0.9354838709677419,1.0,0.9838709677419355,0.9774193548387096,0.021878483816533147,10
0.9768126010894775,0.014613318874117171,0.07511262893676758,0.0008583330759714751,10,3,3,500,"{'max_depth': 10, 'min_samples_leaf': 3, 'min_samples_split': 3, 'n_estimators': 500}",0.9838709677419355,0.9838709677419355,0.9354838709677419,0.9838709677419355,0.9838709677419355,0.9741935483870968,0.019354838709677448,43
0.1971219539642334,0.0008414504530950143,0.01732912063598633,0.0001338316860018966,10,3,5,100,"{'max_depth': 10, 'min_samples_leaf': 3, 'min_samples_split': 5, 'n_estimators': 100}",0.9838709677419355,0.9838709677419355,0.9354838709677419,0.9838709677419355,0.9838709677419355,0.9741935483870968,0.019354838709677448,43
0.59493989944458,0.015937308625832033,0.04616889953613281,0.00044730188912517517,10,3,5,300,"{'max_depth': 10, 'min_samples_leaf': 3, 'min_samples_split': 5, 'n_estimators': 300}",0.9838709677419355,0.9838709677419355,0.9354838709677419,1.0,0.9838709677419355,0.9774193548387096,0.021878483816533147,10
0.9785423755645752,0.014359860922194935,0.07524218559265136,0.0012528293633233506,10,3,5,500,"{'max_depth': 10, 'min_samples_leaf': 3, 'min_samples_split': 5, 'n_estimators': 500}",0.9838709677419355,0.9838709677419355,0.9354838709677419,1.0,0.9838709677419355,0.9774193548387096,0.021878483816533147,10
0.19705333709716796,0.0006691255986462583,0.01739645004272461,0.0003009477176614356,10,3,10,100,"{'max_depth': 10, 'min_samples_leaf': 3, 'min_samples_split': 10, 'n_estimators': 100}",0.9838709677419355,0.9838709677419355,0.9354838709677419,0.9838709677419355,0.9838709677419355,0.9741935483870968,0.019354838709677448,43
0.5832024097442627,0.016485854576356384,0.04586939811706543,0.0007432770445756796,10,3,10,300,"{'max_depth': 10, 'min_samples_leaf': 3, 'min_samples_split': 10, 'n_estimators': 300}",0.9838709677419355,0.9838709677419355,0.9354838709677419,1.0,0.9838709677419355,0.9774193548387096,0.021878483816533147,10
0.959485673904419,0.01854508000207037,0.07541484832763672,0.0007936766984053189,10,3,10,500,"{'max_depth': 10, 'min_samples_leaf': 3, 'min_samples_split': 10, 'n_estimators': 500}",0.9838709677419355,0.9838709677419355,0.9354838709677419,0.9838709677419355,0.9838709677419355,0.9741935483870968,0.019354838709677448,43
0.19495763778686523,0.003099346631137903,0.017116069793701172,0.0002683086887385092,10,5,3,100,"{'max_depth': 10, 'min_samples_leaf': 5, 'min_samples_split': 3, 'n_estimators': 100}",0.9838709677419355,0.9838709677419355,0.9354838709677419,0.9838709677419355,0.9838709677419355,0.9741935483870968,0.019354838709677448,43
0.5870307445526123,0.01319999474685091,0.046334123611450194,0.00045378504726439135,10,5,3,300,"{'max_depth': 10, 'min_samples_leaf': 5, 'min_samples_split': 3, 'n_estimators': 300}",0.9838709677419355,0.9838709677419355,0.9354838709677419,1.0,0.9838709677419355,0.9774193548387096,0.021878483816533147,10
0.9735600471496582,0.012783708816553172,0.07546048164367676,0.0005545540790259032,10,5,3,500,"{'max_depth': 10, 'min_samples_leaf': 5, 'min_samples_split': 3, 'n_estimators': 500}",0.9838709677419355,0.9838709677419355,0.9354838709677419,1.0,0.9838709677419355,0.9774193548387096,0.021878483816533147,10
0.19776806831359864,0.000620611385291745,0.017429256439208986,0.00025353358611036853,10,5,5,100,"{'max_depth': 10, 'min_samples_leaf': 5, 'min_samples_split': 5, 'n_estimators': 100}",0.9838709677419355,0.9838709677419355,0.9354838709677419,0.967741935483871,0.9838709677419355,0.970967741935484,0.018809522241436477,95
0.5855758666992188,0.00842496983552555,0.04611625671386719,0.0008166014829480746,10,5,5,300,"{'max_depth': 10, 'min_samples_leaf': 5, 'min_samples_split': 5, 'n_estimators': 300}",0.9838709677419355,0.9838709677419355,0.9354838709677419,0.9838709677419355,0.9838709677419355,0.9741935483870968,0.019354838709677448,43
0.9736525058746338,0.013294201254318393,0.0752720832824707,0.0007870850843597239,10,5,5,500,"{'max_depth': 10, 'min_samples_leaf': 5, 'min_samples_split': 5, 'n_estimators': 500}",0.9838709677419355,0.9838709677419355,0.9354838709677419,1.0,0.9838709677419355,0.9774193548387096,0.021878483816533147,10
0.20165715217590333,0.012800073989318173,0.0173797607421875,0.0001785130194077939,10,5,10,100,"{'max_depth': 10, 'min_samples_leaf': 5, 'min_samples_split': 10, 'n_estimators': 100}",0.9838709677419355,0.9838709677419355,0.9354838709677419,1.0,0.9838709677419355,0.9774193548387096,0.021878483816533147,10
0.5894594669342041,0.013369631968101132,0.04629292488098145,0.0003536132738784313,10,5,10,300,"{'max_depth': 10, 'min_samples_leaf': 5, 'min_samples_split': 10, 'n_estimators': 300}",0.9838709677419355,0.9838709677419355,0.9354838709677419,1.0,0.9838709677419355,0.9774193548387096,0.021878483816533147,10
0.9738344669342041,0.01334088727349463,0.07530303001403808,0.001082623168664145,10,5,10,500,"{'max_depth': 10, 'min_samples_leaf': 5, 'min_samples_split': 10, 'n_estimators': 500}",0.9838709677419355,0.9838709677419355,0.9354838709677419,0.9838709677419355,0.9838709677419355,0.9741935483870968,0.019354838709677448,43
0.1942601680755615,0.00259013185313415,0.017342853546142577,0.0005642500227695689,10,7,3,100,"{'max_depth': 10, 'min_samples_leaf': 7, 'min_samples_split': 3, 'n_estimators': 100}",0.9838709677419355,0.9838709677419355,0.9354838709677419,0.967741935483871,0.9838709677419355,0.970967741935484,0.018809522241436477,95
0.5804183959960938,0.01299328002835854,0.04626922607421875,0.0006256813533837311,10,7,3,300,"{'max_depth': 10, 'min_samples_leaf': 7, 'min_samples_split': 3, 'n_estimators': 300}",0.9838709677419355,0.9838709677419355,0.9354838709677419,0.9838709677419355,0.9838709677419355,0.9741935483870968,0.019354838709677448,43
0.9713159084320069,0.013554188480079986,0.07603998184204101,0.0005491772780129647,10,7,3,500,"{'max_depth': 10, 'min_samples_leaf': 7, 'min_samples_split': 3, 'n_estimators': 500}",0.9838709677419355,0.9838709677419355,0.9354838709677419,0.9838709677419355,0.9838709677419355,0.9741935483870968,0.019354838709677448,43
0.19558610916137695,0.0011005411590194805,0.017517518997192384,0.00013908526625999683,10,7,5,100,"{'max_depth': 10, 'min_samples_leaf': 7, 'min_samples_split': 5, 'n_estimators': 100}",0.9838709677419355,0.9838709677419355,0.9354838709677419,0.9838709677419355,1.0,0.9774193548387096,0.021878483816533144,10
0.5857810497283935,0.01328564707404674,0.04590983390808105,0.0004372527684588906,10,7,5,300,"{'max_depth': 10, 'min_samples_leaf': 7, 'min_samples_split': 5, 'n_estimators': 300}",0.9838709677419355,0.9838709677419355,0.9354838709677419,0.9838709677419355,0.967741935483871,0.970967741935484,0.018809522241436477,95
0.9595009803771972,0.014907580122595562,0.07513494491577148,0.000524340325406106,10,7,5,500,"{'max_depth': 10, 'min_samples_leaf': 7, 'min_samples_split': 5, 'n_estimators': 500}",0.9838709677419355,0.9838709677419355,0.9354838709677419,1.0,0.9838709677419355,0.9774193548387096,0.021878483816533147,10
0.19497303962707518,0.004751072616722738,0.01829361915588379,0.001488602731855024,10,7,10,100,"{'max_depth': 10, 'min_samples_leaf': 7, 'min_samples_split': 10, 'n_estimators': 100}",0.9838709677419355,0.9838709677419355,0.9354838709677419,0.9838709677419355,0.967741935483871,0.970967741935484,0.018809522241436477,95
0.582120132446289,0.004459978056849876,0.04729757308959961,0.001569533352248424,10,7,10,300,"{'max_depth': 10, 'min_samples_leaf': 7, 'min_samples_split': 10, 'n_estimators': 300}",0.9838709677419355,0.9838709677419355,0.9354838709677419,0.9838709677419355,0.9838709677419355,0.9741935483870968,0.019354838709677448,43
0.9717839241027832,0.016787165699371498,0.07538771629333496,0.0006967255027388251,10,7,10,500,"{'max_depth': 10, 'min_samples_leaf': 7, 'min_samples_split': 10, 'n_estimators': 500}",0.9838709677419355,0.9838709677419355,0.9354838709677419,0.9838709677419355,0.9838709677419355,0.9741935483870968,0.019354838709677448,43
0.2015831470489502,0.017641344087213056,0.017579078674316406,0.0001322065740770933,10,10,3,100,"{'max_depth': 10, 'min_samples_leaf': 10, 'min_samples_split': 3, 'n_estimators': 100}",0.9838709677419355,0.9838709677419355,0.9354838709677419,0.9838709677419355,0.9838709677419355,0.9741935483870968,0.019354838709677448,43
0.5813126564025879,0.021510499239768166,0.046447467803955075,0.0005997103879187375,10,10,3,300,"{'max_depth': 10, 'min_samples_leaf': 10, 'min_samples_split': 3, 'n_estimators': 300}",0.9838709677419355,0.9838709677419355,0.9354838709677419,0.9838709677419355,0.967741935483871,0.970967741935484,0.018809522241436477,95
0.9695603370666503,0.030934842864664743,0.09447517395019531,0.032229822987328426,10,10,3,500,"{'max_depth': 10, 'min_samples_leaf': 10, 'min_samples_split': 3, 'n_estimators': 500}",0.9838709677419355,0.9838709677419355,0.9354838709677419,0.9838709677419355,0.967741935483871,0.970967741935484,0.018809522241436477,95
0.19102101325988768,0.005926608397462076,0.017596626281738283,0.0002717373430740992,10,10,5,100,"{'max_depth': 10, 'min_samples_leaf': 10, 'min_samples_split': 5, 'n_estimators': 100}",0.9838709677419355,0.9838709677419355,0.9354838709677419,0.9838709677419355,0.967741935483871,0.970967741935484,0.018809522241436477,95
0.5834482669830322,0.012231750799405862,0.04616470336914062,0.000296195314412635,10,10,5,300,"{'max_depth': 10, 'min_samples_leaf': 10, 'min_samples_split': 5, 'n_estimators': 300}",0.9838709677419355,0.9838709677419355,0.9354838709677419,0.9838709677419355,0.967741935483871,0.970967741935484,0.018809522241436477,95
0.9659318447113037,0.012941640816584771,0.07479829788208008,0.0008238732669682988,10,10,5,500,"{'max_depth': 10, 'min_samples_leaf': 10, 'min_samples_split': 5, 'n_estimators': 500}",0.9838709677419355,0.9838709677419355,0.9354838709677419,0.9838709677419355,0.967741935483871,0.970967741935484,0.018809522241436477,95
0.19260354042053224,0.00330319557586668,0.01725597381591797,6.801784136478861e-05,10,10,10,100,"{'max_depth': 10, 'min_samples_leaf': 10, 'min_samples_split': 10, 'n_estimators': 100}",0.9838709677419355,0.967741935483871,0.9354838709677419,0.9838709677419355,0.9838709677419355,0.970967741935484,0.01880952224143648,95
0.5827325820922852,0.011086393934049433,0.046126937866210936,0.0003249044880648083,10,10,10,300,"{'max_depth': 10, 'min_samples_leaf': 10, 'min_samples_split': 10, 'n_estimators': 300}",0.9838709677419355,0.9838709677419355,0.9354838709677419,0.9838709677419355,0.967741935483871,0.970967741935484,0.018809522241436477,95
0.9613469123840332,0.01760283348068378,0.09099946022033692,0.03159449001957307,10,10,10,500,"{'max_depth': 10, 'min_samples_leaf': 10, 'min_samples_split': 10, 'n_estimators': 500}",0.9838709677419355,0.9838709677419355,0.9354838709677419,0.9838709677419355,0.967741935483871,0.970967741935484,0.018809522241436477,95
0.19255924224853516,0.006142035174619547,0.01725659370422363,0.00014569256656346831,12,3,3,100,"{'max_depth': 12, 'min_samples_leaf': 3, 'min_samples_split': 3, 'n_estimators': 100}",0.9838709677419355,0.9838709677419355,0.9354838709677419,1.0,0.9838709677419355,0.9774193548387096,0.021878483816533147,10
0.5897111415863037,0.01362591548362873,0.046220922470092775,0.00042027696768047847,12,3,3,300,"{'max_depth': 12, 'min_samples_leaf': 3, 'min_samples_split': 3, 'n_estimators': 300}",0.9838709677419355,0.9838709677419355,0.9516129032258065,1.0,0.9838709677419355,0.9806451612903226,0.0158031596308592,2
0.9794960975646972,0.016667977754316908,0.09329156875610352,0.03553125930758478,12,3,3,500,"{'max_depth': 12, 'min_samples_leaf': 3, 'min_samples_split': 3, 'n_estimators': 500}",0.9838709677419355,0.9838709677419355,0.9354838709677419,1.0,0.9838709677419355,0.9774193548387096,0.021878483816533147,10
0.19635815620422364,0.0009328466418367418,0.01712794303894043,0.00041980472058602566,12,3,5,100,"{'max_depth': 12, 'min_samples_leaf': 3, 'min_samples_split': 5, 'n_estimators': 100}",0.9838709677419355,0.9838709677419355,0.9354838709677419,1.0,0.9838709677419355,0.9774193548387096,0.021878483816533147,10
0.5955479145050049,0.024762227959358774,0.05402264595031738,0.017178019674867182,12,3,5,300,"{'max_depth': 12, 'min_samples_leaf': 3, 'min_samples_split': 5, 'n_estimators': 300}",0.9838709677419355,0.9838709677419355,0.9516129032258065,1.0,0.9838709677419355,0.9806451612903226,0.0158031596308592,2
1.1071905612945556,0.06675671694075139,0.08303356170654297,0.013397394507318135,12,3,5,500,"{'max_depth': 12, 'min_samples_leaf': 3, 'min_samples_split': 5, 'n_estimators': 500}",0.9838709677419355,0.9838709677419355,0.9354838709677419,0.9838709677419355,0.9838709677419355,0.9741935483870968,0.019354838709677448,43
0.20499024391174317,0.012725714163536746,0.017316102981567383,0.00015259951308809567,12,3,10,100,"{'max_depth': 12, 'min_samples_leaf': 3, 'min_samples_split': 10, 'n_estimators': 100}",0.9838709677419355,0.9838709677419355,0.9354838709677419,0.9838709677419355,0.9838709677419355,0.9741935483870968,0.019354838709677448,43
0.5838944435119628,0.01592484578502042,0.04625821113586426,0.0004903366369995245,12,3,10,300,"{'max_depth': 12, 'min_samples_leaf': 3, 'min_samples_split': 10, 'n_estimators': 300}",0.9838709677419355,0.9838709677419355,0.9354838709677419,0.9838709677419355,0.9838709677419355,0.9741935483870968,0.019354838709677448,43
0.9708572864532471,0.011364358590929767,0.07520742416381836,0.002488324444076623,12,3,10,500,"{'max_depth': 12, 'min_samples_leaf': 3, 'min_samples_split': 10, 'n_estimators': 500}",0.9838709677419355,0.9838709677419355,0.9354838709677419,0.9838709677419355,0.9838709677419355,0.9741935483870968,0.019354838709677448,43
0.19561824798583985,0.0005910536432400399,0.019504451751708986,0.0043354706789425984,12,5,3,100,"{'max_depth': 12, 'min_samples_leaf': 5, 'min_samples_split': 3, 'n_estimators': 100}",0.9838709677419355,0.9838709677419355,0.9516129032258065,1.0,1.0,0.9838709677419356,0.017668469596940826,1
0.5834692478179931,0.004014276794284663,0.05433349609375,0.01694026293297274,12,5,3,300,"{'max_depth': 12, 'min_samples_leaf': 5, 'min_samples_split': 3, 'n_estimators': 300}",0.9838709677419355,0.9838709677419355,0.9354838709677419,1.0,0.9838709677419355,0.9774193548387096,0.021878483816533147,10
1.068339967727661,0.062030666566582994,0.07760634422302246,0.005257466598664872,12,5,3,500,"{'max_depth': 12, 'min_samples_leaf': 5, 'min_samples_split': 3, 'n_estimators': 500}",0.9838709677419355,0.9838709677419355,0.9354838709677419,0.9838709677419355,0.9838709677419355,0.9741935483870968,0.019354838709677448,43
0.20146327018737792,0.00842199280070552,0.017324542999267577,0.00016699437741170332,12,5,5,100,"{'max_depth': 12, 'min_samples_leaf': 5, 'min_samples_split': 5, 'n_estimators': 100}",0.9838709677419355,0.9838709677419355,0.9516129032258065,1.0,0.9838709677419355,0.9806451612903226,0.0158031596308592,2
0.5843591690063477,0.0057747537377514195,0.05089259147644043,0.00963713913259164,12,5,5,300,"{'max_depth': 12, 'min_samples_leaf': 5, 'min_samples_split': 5, 'n_estimators': 300}",0.9838709677419355,0.9838709677419355,0.9354838709677419,1.0,0.9838709677419355,0.9774193548387096,0.021878483816533147,10
1.075946283340454,0.02585945716173436,0.0776275634765625,0.005071460306710912,12,5,5,500,"{'max_depth': 12, 'min_samples_leaf': 5, 'min_samples_split': 5, 'n_estimators': 500}",0.9838709677419355,0.9838709677419355,0.9354838709677419,0.9838709677419355,0.9838709677419355,0.9741935483870968,0.019354838709677448,43
0.2179032802581787,0.04339100188774397,0.017151355743408203,0.0007187046029835452,12,5,10,100,"{'max_depth': 12, 'min_samples_leaf': 5, 'min_samples_split': 10, 'n_estimators': 100}",0.9838709677419355,0.967741935483871,0.9354838709677419,0.9838709677419355,0.9838709677419355,0.970967741935484,0.01880952224143648,95
0.6090235233306884,0.021722164601729082,0.04792718887329102,0.0010633668705208336,12,5,10,300,"{'max_depth': 12, 'min_samples_leaf': 5, 'min_samples_split': 10, 'n_estimators': 300}",0.9838709677419355,0.9838709677419355,0.9354838709677419,1.0,0.9838709677419355,0.9774193548387096,0.021878483816533147,10
1.0060070514678956,0.015281275711882253,0.07703680992126465,0.0008409287170323358,12,5,10,500,"{'max_depth': 12, 'min_samples_leaf': 5, 'min_samples_split': 10, 'n_estimators': 500}",0.9838709677419355,0.9838709677419355,0.9354838709677419,0.9838709677419355,0.9838709677419355,0.9741935483870968,0.019354838709677448,43
0.20231881141662597,0.003998688366986802,0.018047237396240236,0.00044514299242080313,12,7,3,100,"{'max_depth': 12, 'min_samples_leaf': 7, 'min_samples_split': 3, 'n_estimators': 100}",0.9838709677419355,0.9838709677419355,0.9354838709677419,0.967741935483871,0.9838709677419355,0.970967741935484,0.018809522241436477,95
0.5931776523590088,0.01676474361408771,0.0470487117767334,0.0002853058059623907,12,7,3,300,"{'max_depth': 12, 'min_samples_leaf': 7, 'min_samples_split': 3, 'n_estimators': 300}",0.9838709677419355,0.9838709677419355,0.9354838709677419,0.9838709677419355,0.9838709677419355,0.9741935483870968,0.019354838709677448,43
0.971684455871582,0.023360873967151082,0.07586526870727539,0.0007503424129087458,12,7,3,500,"{'max_depth': 12, 'min_samples_leaf': 7, 'min_samples_split': 3, 'n_estimators': 500}",0.9838709677419355,0.9838709677419355,0.9354838709677419,0.9838709677419355,0.9838709677419355,0.9741935483870968,0.019354838709677448,43
0.19708008766174318,0.003277469139816008,0.018133163452148438,0.0007765314862270917,12,7,5,100,"{'max_depth': 12, 'min_samples_leaf': 7, 'min_samples_split': 5, 'n_estimators': 100}",0.9838709677419355,0.967741935483871,0.9354838709677419,0.9838709677419355,0.9838709677419355,0.970967741935484,0.01880952224143648,95
0.6074581623077393,0.038294941159866855,0.04625802040100098,0.0008807132795160584,12,7,5,300,"{'max_depth': 12, 'min_samples_leaf': 7, 'min_samples_split': 5, 'n_estimators': 300}",0.9838709677419355,0.9838709677419355,0.9354838709677419,1.0,0.967741935483871,0.9741935483870968,0.02187848381653314,43
1.005046558380127,0.03724779380900519,0.07664976119995118,0.0024698027017496364,12,7,5,500,"{'max_depth': 12, 'min_samples_leaf': 7, 'min_samples_split': 5, 'n_estimators': 500}",0.9838709677419355,0.9838709677419355,0.9354838709677419,0.967741935483871,0.9838709677419355,0.970967741935484,0.018809522241436477,95
0.1993574619293213,0.005159528536197301,0.01782999038696289,0.00011605285836042529,12,7,10,100,"{'max_depth': 12, 'min_samples_leaf': 7, 'min_samples_split': 10, 'n_estimators': 100}",0.9838709677419355,0.9838709677419355,0.9354838709677419,0.9838709677419355,0.9838709677419355,0.9741935483870968,0.019354838709677448,43
0.6166593074798584,0.03629544542908068,0.04736561775207519,0.0008179016878193774,12,7,10,300,"{'max_depth': 12, 'min_samples_leaf': 7, 'min_samples_split': 10, 'n_estimators': 300}",0.9838709677419355,0.9838709677419355,0.9354838709677419,0.9838709677419355,0.967741935483871,0.970967741935484,0.018809522241436477,95
0.9793335914611816,0.01810825985865116,0.07639050483703613,0.0009872467891829005,12,7,10,500,"{'max_depth': 12, 'min_samples_leaf': 7, 'min_samples_split': 10, 'n_estimators': 500}",0.9838709677419355,0.9838709677419355,0.9354838709677419,0.9838709677419355,0.9838709677419355,0.9741935483870968,0.019354838709677448,43
0.197464656829834,0.00191951233293928,0.017443180084228516,0.00019610191186920342,12,10,3,100,"{'max_depth': 12, 'min_samples_leaf': 10, 'min_samples_split': 3, 'n_estimators': 100}",0.9838709677419355,0.9838709677419355,0.9354838709677419,0.967741935483871,1.0,0.9741935483870968,0.021878483816533144,43
0.5913131237030029,0.012528518693751475,0.04745726585388184,0.0005334637183673613,12,10,3,300,"{'max_depth': 12, 'min_samples_leaf': 10, 'min_samples_split': 3, 'n_estimators': 300}",0.9838709677419355,0.9838709677419355,0.9354838709677419,0.9838709677419355,0.967741935483871,0.970967741935484,0.018809522241436477,95
0.9803277492523194,0.008889433726749784,0.07668957710266114,0.0010510390038984913,12,10,3,500,"{'max_depth': 12, 'min_samples_leaf': 10, 'min_samples_split': 3, 'n_estimators': 500}",0.9838709677419355,0.9838709677419355,0.9354838709677419,0.9838709677419355,0.967741935483871,0.970967741935484,0.018809522241436477,95
0.19917769432067872,0.0036383105427958955,0.017813873291015626,0.00010878174202081033,12,10,5,100,"{'max_depth': 12, 'min_samples_leaf': 10, 'min_samples_split': 5, 'n_estimators': 100}",0.9838709677419355,0.9838709677419355,0.9354838709677419,0.9838709677419355,0.967741935483871,0.970967741935484,0.018809522241436477,95
0.5874627113342286,0.014830783231064628,0.04944038391113281,0.004989174553184408,12,10,5,300,"{'max_depth': 12, 'min_samples_leaf': 10, 'min_samples_split': 5, 'n_estimators': 300}",0.9838709677419355,0.9838709677419355,0.9354838709677419,0.9838709677419355,0.967741935483871,0.970967741935484,0.018809522241436477,95
0.9897359848022461,0.01847117362832519,0.07722368240356445,0.001338377686232501,12,10,5,500,"{'max_depth': 12, 'min_samples_leaf': 10, 'min_samples_split': 5, 'n_estimators': 500}",0.9838709677419355,0.9838709677419355,0.9354838709677419,0.9838709677419355,0.967741935483871,0.970967741935484,0.018809522241436477,95
0.19555845260620117,0.000988044420460748,0.01779770851135254,0.00024001455192900593,12,10,10,100,"{'max_depth': 12, 'min_samples_leaf': 10, 'min_samples_split': 10, 'n_estimators': 100}",0.9838709677419355,0.9838709677419355,0.9354838709677419,0.967741935483871,0.967741935483871,0.967741935483871,0.017668469596940867,137
0.5845907688140869,0.01377324636937804,0.04731006622314453,0.0010289441134066501,12,10,10,300,"{'max_depth': 12, 'min_samples_leaf': 10, 'min_samples_split': 10, 'n_estimators': 300}",0.9838709677419355,0.9838709677419355,0.9354838709677419,0.967741935483871,0.967741935483871,0.967741935483871,0.017668469596940867,137
0.9305054187774658,0.1533514292894614,0.06884770393371582,0.024427782441795737,12,10,10,500,"{'max_depth': 12, 'min_samples_leaf': 10, 'min_samples_split': 10, 'n_estimators': 500}",0.9838709677419355,0.9838709677419355,0.9354838709677419,0.967741935483871,0.967741935483871,0.967741935483871,0.017668469596940867,137
